Index,User Id,First Name,Last Name,Sex,Email,Phone,Date of birth,Company,Department,Job Title
1,DB0ef15b1d663D8,Tracy,Durham,Female,vhowe@example.net,+1-273-624-5104x7841,1998-03-01,OnePlus,Human Resource Department,Clinical psychologist
2,6875Ac9B9a248aE,Ivan,Hinton,Male,liumaureen@example.com,001-397-832-2370x712,2000-05-05,BLU,Information Technology Department,Dietitian
3,5a625483AFB5fDD,Gabriella,Barry,Female,sbarton@example.com,+1-313-570-7892x0427,2004-08-07,Lenovo,Project Department,Chiropodist
4,c2D9fFcFCdAA69a,Tami,Dorsey,Male,gentrycarmen@example.com,001-359-377-8951x3719,2010-07-25,Prestigio,Finance Department,Theme park manager
5,c92bE606bB9A3e4,Stuart,Cochran,Female,hartaustin@example.org,207-485-8920x23528,1964-11-10,Sony,Finance Department,"Engineer, petroleum"
6,eb1c97c9ebbE875,Tricia,Mahoney,Male,hardysydney@example.org,823-770-2744,1922-06-28,Doogee,Information Technology Department,Musician
7,7BF45cbba1aDB6D,Taylor,King,Female,triciahoffman@example.org,+1-792-683-4865,1962-04-26,Infinix,Information Technology Department,Architectural technologist
8,eCbC6b0CBd104Ed,Carly,Leblanc,Female,shawnbrowning@example.net,510-542-4012x320,1960-01-04,Gionee,Marketing Department,Technical brewer
9,d5670ECE26abAae,Brenda,Villegas,Female,wrowland@example.net,258.244.5564x52274,1930-06-01,LeEco,Human Resource Department,Fast food restaurant manager
10,04961023Fb5E6cC,Brian,Atkins,Female,mendezcheyenne@example.net,(791)844-8263x50554,1946-02-06,Sony,Designing Department,"Clinical scientist, histocompatibility and immunogenetics"
11,BEf40Dc66f9B9B9,Norman,Figueroa,Female,uorr@example.com,001-388-660-0647x881,1978-10-24,BLU,Marketing Department,Chartered certified accountant
12,F38f5b950D63F25,Dennis,Little,Female,gregory77@example.com,770-684-4343x9585,1987-08-22,Yezz,Designing Department,Leisure centre manager
13,dF73b51D0F7Bf1f,Selena,Lindsey,Female,hector21@example.org,913-799-3311x482,1931-12-05,QMobile,Designing Department,Systems developer
14,D80bD4eC56C35f1,Todd,Marsh,Female,madelinemorrow@example.org,(333)717-8800x584,1981-04-15,LG,Sales Department,Outdoor activities/education manager
15,E792E9c6BEC3E67,Candice,Valentine,Female,kristy35@example.org,(580)952-0690x3533,1910-03-07,Microsoft,Human Resource Department,Building services engineer
16,3BC98eEa784DF24,Margaret,Clay,Male,oliverraymond@example.com,+1-921-699-9925x234,1920-02-04,Lenovo,Marketing Department,Games developer
17,996caacb36FB1fC,Pamela,Fisher,Female,hayleyblake@example.com,(345)457-2633x190,2009-04-23,YU,Project Department,Waste management officer
18,D034CfEDB7117fe,Tricia,Frye,Female,sharmon@example.org,(485)352-1386x3913,1985-07-18,Microsoft,Marketing Department,Ophthalmologist
19,fe0B8f1C2057e55,Sally,Wu,Male,padillaarthur@example.net,+1-934-963-7056,1946-10-06,Sony,Information Technology Department,Environmental education officer
20,eAfedFb635fd819,Grace,Lam,Male,gfranco@example.org,001-465-659-3972x52347,1965-12-24,iMobile,Project Department,"Accountant, chartered public finance"
21,F1BEbF8FEBe27cB,Carl,Randall,Female,avazquez@example.net,(284)325-9537,2023-08-27,Motorola,Production Department,Fast food restaurant manager
22,A57eeFf327Faf93,Zachary,Mcclain,Female,edavis@example.net,(623)522-9839x2786,1945-07-05,Toshiba,Marketing Department,Special effects artist
23,c0DBEE3ECD9CB6A,Nicole,Levine,Female,eddie94@example.org,+1-845-231-5109x7994,1980-01-24,NIU,Human Resource Department,Broadcast presenter
24,942CFDCdbDbb4C6,Jay,Bradley,Male,pcasey@example.com,(252)261-3231x047,1933-01-28,Yezz,Marketing Department,Barrister
25,29e8Bd4E8d09aA0,Paul,Hunter,Female,omar07@example.com,+1-404-779-9892x67638,2020-12-22,TCL,Project Department,Educational psychologist
26,300D7b4eC7FDe7D,Brad,Schwartz,Male,xcarey@example.net,001-671-987-4719x292,1909-12-12,Vodafone,Project Department,Tree surgeon
27,D7d9eB96990EFfe,Fred,Chan,Female,tony28@example.net,858.517.4419x559,1989-01-19,Doogee,Human Resource Department,Music therapist
28,BCc6fbB7EC5A4b1,Shawna,Daniels,Female,vgaines@example.com,001-639-513-0947x624,1972-06-19,Vertu,Finance Department,Sports administrator
29,BCeeF2DaFefe9D2,Barbara,Pruitt,Female,gillespielauren@example.org,(656)389-9169x3372,1950-03-10,Micromax,Human Resource Department,Sports administrator
30,240cda0Da0bbA0d,Jaclyn,Gross,Male,roberto31@example.org,(997)325-3792x41888,1962-03-04,Sony,Finance Department,Health and safety adviser
31,C7B676c3bFe7C79,Clifford,Hendrix,Female,micheallarson@example.com,433-415-3629,1986-05-14,Maxwest,Sales Department,"Scientist, audiological"
32,0F863E9FfA33eB2,Michael,Bradshaw,Female,darin56@example.org,001-914-584-9312x006,1916-11-13,HP,Marketing Department,Industrial/product designer
33,3c1aaF2631eab41,Bruce,Gill,Male,sylviasalazar@example.org,3912780559,2007-10-01,LeEco,Project Department,"Therapist, music"
34,e8A2cabe4dDcecC,Duane,Carroll,Female,denise04@example.org,+1-571-355-2706x391,2003-04-03,HTC,Finance Department,Data scientist
35,145Ba9Dbe8CB5bc,Tamara,Barrett,Male,mpeck@example.net,+1-348-810-6562x77479,1910-11-23,Apple,Finance Department,Exhibition designer
36,3E4cEacF0B7feeE,Glen,Crane,Male,olivia20@example.net,2043044435,1921-12-24,Apple,Sales Department,"Surveyor, quantity"
37,97a8E9A41BFA24f,Frederick,Welch,Male,jack65@example.com,(703)233-5562,1909-08-15,Toshiba,Finance Department,Tourism officer
38,a9dd9D03FcA7BFd,April,Noble,Male,ysims@example.org,+1-429-528-0539,1951-12-18,Celkon,Marketing Department,Arts development officer
39,1eC0A7f71dEaacb,Becky,Key,Male,morseaimee@example.org,+1-617-753-7125x9046,2012-06-09,iBall,Sales Department,Theatre manager
40,c8EBaB9BA327adE,Isaiah,Fisher,Male,justinlewis@example.com,+1-685-824-2189x1666,1981-03-11,MaxCom,Designing Department,Production engineer
41,eCff6AFd154c2EC,Wayne,Hartman,Female,nobrien@example.net,(850)524-0844x41516,1927-10-31,iMobile,Designing Department,Industrial/product designer
42,5EFe00c9701EB8c,Stacey,Montes,Male,petersondarrell@example.net,343.512.4048x53332,1936-09-16,Apple,Human Resource Department,Diagnostic radiographer
43,a60fd8Cc94096b5,Howard,Levine,Female,jadams@example.org,260-661-9993x89992,2022-08-27,Realme,Project Department,"Engineer, land"
44,F0BAFE7f442C9D7,Russell,Bradshaw,Male,rossdickson@example.org,001-889-230-1232x72982,1924-06-27,Nokia,Information Technology Department,"Surveyor, mining"
45,100be500FA6cFEa,Daisy,Cordova,Male,ariel44@example.org,260.442.0573x1683,2005-05-06,Xolo,Information Technology Department,Fashion designer
46,7B3ecAd2e2883bC,Luis,Jordan,Male,perry01@example.net,+1-312-680-1479,1996-12-12,Razer,Marketing Department,"Clinical scientist, histocompatibility and immunogenetics"
47,ed80C2f9b88c8E5,Nicole,Carrillo,Male,marclevy@example.net,(880)284-2697x484,2015-09-18,Spice,Sales Department,"Designer, exhibition/display"
48,158bBC8650e42F4,Caleb,Park,Male,adrianware@example.org,+1-258-897-7994,1980-07-21,BlackBerry,Designing Department,Chartered legal executive (England and Wales)
49,7f9954B42114db0,Caitlyn,Frazier,Male,raysonya@example.org,891-394-1236x331,2022-01-31,Gionee,Marketing Department,Medical secretary
50,c1e8d55B669dc2e,Latoya,Barnes,Female,nruiz@example.com,418-716-0909x997,1928-01-10,NIU,Information Technology Department,Banker
51,97c7af2E5Aeada3,Tina,Hodge,Female,andrewyoder@example.com,(254)357-8187,2015-03-19,Acer,Designing Department,Chartered legal executive (England and Wales)
52,Cf4d8AcFD1Cd85F,Danielle,Martin,Male,henry51@example.net,(956)498-2138,1914-12-20,Cat,Information Technology Department,Logistics and distribution manager
53,783Efcfe0EDC30C,Alvin,Clayton,Female,kristina27@example.com,485-488-3830x2031,1961-12-11,BLU,Finance Department,"Runner, broadcasting/film/video"
54,DD8Cab008cc8dEE,Brandy,Jacobs,Female,frankjerry@example.com,6103282809,1929-04-10,Panasonic,Marketing Department,"Psychotherapist, dance movement"
55,CA0a9BA31BfFDFB,Connor,Bentley,Female,zmercer@example.org,4875727834,1930-01-18,Zen,Marketing Department,Human resources officer
56,4a7F3ed2A99d9A7,Doris,Pollard,Male,francojohnny@example.net,773.577.6320,1974-07-16,Plum,Designing Department,Surgeon
57,4FAABaE4D04039F,Vanessa,Curtis,Male,fdoyle@example.com,222-723-4949,1990-10-26,TCL,Human Resource Department,Materials engineer
58,a33Fd0FEbdEf7E9,Rebecca,Carrillo,Male,roger11@example.net,953.471.7897x6527,1948-08-12,Sony,Designing Department,"Therapist, occupational"
59,59D1eCbaDfCbCdd,Gregg,Knight,Female,rubiojeanne@example.com,587-263-9779x9841,1986-11-12,Apple,Marketing Department,"Exhibitions officer, museum/gallery"
60,acD182ff7BBCE9a,Jeanette,Mccoy,Female,cassiesteele@example.org,(655)238-5865x17297,1941-02-13,YU,Human Resource Department,Translator
61,c7fEeF9bA201fF6,Tammy,Harrington,Female,calvinpeterson@example.net,221.200.1291,1977-05-28,iMobile,Designing Department,"Development worker, community"
62,DDcaFA0fAC41fEd,Candice,Conner,Male,rodney26@example.com,(335)223-9349,1961-12-01,Lenovo,Project Department,Chief Strategy Officer
63,9fA80Ec5B63DccE,James,Spence,Male,perkinsvictor@example.org,273.371.1651x9100,1932-03-10,TCL,Finance Department,"Engineer, biomedical"
64,f4d93Bd63092A35,Willie,Bright,Female,dave63@example.net,(216)929-4020x02196,2021-09-08,verykool,Project Department,Bonds trader
65,519CdC19eF3D8f4,Bridget,Mcdowell,Male,debramartinez@example.net,3474653381,1962-06-12,Doogee,Information Technology Department,Chiropractor
66,6B385fFbFDe1aAD,Mia,Dixon,Female,kiarasharp@example.org,(656)837-1920,1920-11-08,Vertu,Production Department,Manufacturing systems engineer
67,48D0c413E4c16aa,Jeanette,Hester,Female,qfrank@example.net,319-470-8571x28441,1952-01-05,Apple,Project Department,Maintenance engineer
68,BAaEEB7cd4D01f9,Edwin,Rich,Male,leblanclouis@example.net,(969)497-2328x1472,2021-03-09,LG,Human Resource Department,Fisheries officer
69,4AfFb3124f75adE,Lorraine,Tate,Female,tcasey@example.org,913.416.1200,1960-04-01,Infinix,Project Department,Planning and development surveyor
70,5CDafDcFD6508A8,Tim,Shah,Female,mariegamble@example.org,+1-440-899-6554x243,1915-09-18,Gionee,Marketing Department,Social researcher
71,1D60087edE68B0E,Benjamin,Santiago,Male,micheal43@example.net,424.483.7709,2003-07-10,Acer,Sales Department,Public affairs consultant
72,bcD58aCefe79eE0,Ronnie,Berry,Female,barajaskevin@example.net,443.626.0816x18842,1926-08-04,Vodafone,Finance Department,Mental health nurse
73,19c02CfC6f72bC7,Kristin,Barry,Male,daisy82@example.com,210.550.9806,1916-04-04,Zen,Project Department,Analytical chemist
74,f5f4E32D234CaFc,Dakota,Wells,Male,hgrimes@example.com,+1-267-728-4666,1943-01-04,Toshiba,Production Department,Homeopath
75,7ac388a912C9be2,Devon,Valencia,Male,dylanfigueroa@example.net,229-560-9280x458,1939-12-16,Zen,Production Department,Chief Executive Officer
76,a4CffFCcD9fedFD,Ann,Frye,Male,preston32@example.org,520-775-9514x159,2014-09-30,HP,Information Technology Department,Hospital pharmacist
77,3552da28c1DeECC,Anthony,Horne,Female,xmccall@example.com,001-498-751-8567x24854,1922-02-25,Ulefone,Finance Department,Chiropodist
78,F81e0A5563B0eBe,Debbie,Riggs,Male,hortonpreston@example.com,+1-777-455-1750x515,1989-01-08,Apple,Human Resource Department,Communications engineer
79,8E0e8190AC6f4ed,Daniel,Curry,Female,dlane@example.net,572-714-7016,1919-09-07,Celkon,Project Department,Sales promotion account executive
80,E3dDb1A38Ea25CD,Angel,Perez,Female,brittney18@example.org,001-632-450-3319x30879,1992-03-08,OnePlus,Finance Department,"Therapist, nutritional"
81,1aAFadafeb8293C,Clarence,Wiley,Female,dcoleman@example.com,(897)612-2578,1965-05-15,Panasonic,Project Department,"Horticulturist, amenity"
82,6cEb6EBE5aea25A,Chelsey,Navarro,Female,allisonmarcus@example.com,791.960.2718x216,1957-10-27,Dell,Information Technology Department,"Geologist, wellsite"
83,2BeAb3C02E007ef,Jorge,Avery,Female,vharper@example.net,+1-744-296-0328x847,1917-09-05,VK Mobile,Human Resource Department,"Engineer, broadcasting (operations)"
84,E7bfFCb128DBAbf,Dan,Lowery,Female,tryan@example.com,(930)351-9609,1948-03-26,LG,Information Technology Department,"Engineer, land"
85,FDC8c11A878BeaF,Nicholas,Rowland,Male,cathyclark@example.com,+1-319-651-2983x64392,1991-10-08,Xiaomi,Human Resource Department,Ophthalmologist
86,23Ae1E5ABa472fa,Melvin,Elliott,Male,penningtoncaleb@example.org,351.375.6764x832,1972-08-31,NIU,Designing Department,"Pharmacist, hospital"
87,c8810444e5f9Bb1,Marcus,Chung,Female,znorris@example.com,+1-221-555-9463x701,2021-12-25,Sony,Finance Department,"Engineer, broadcasting (operations)"
88,4DdC7a4E616f37A,Sandy,Christensen,Male,fbarrera@example.com,2693187345,1958-05-16,Telit,Sales Department,"Doctor, general practice"
89,49c8E11b9e24acd,Tammie,Phelps,Female,shelbyho@example.com,562.789.3999x382,1975-11-29,MaxCom,Production Department,"Designer, television/film set"
90,De3BCf64a8D5137,Patricia,Rogers,Male,velazquezwillie@example.net,842-213-7806x4245,1989-11-04,Micromax,Designing Department,Land
91,733Fb6d8f74ef33,Gavin,Austin,Female,darylclayton@example.org,+1-693-240-2057x57018,1975-06-04,Nokia,Production Department,Camera operator
92,f92A2d1db68FcbC,Chase,Herrera,Male,lonniedaniels@example.com,7234996457,1990-03-04,NIU,Sales Department,Seismic interpreter
93,7DE57Ca2baB117A,Theodore,Lowe,Female,caitlynswanson@example.net,230.860.3686,1910-10-22,Alcatel,Human Resource Department,Diplomatic Services operational officer
94,BFF28D6a6cD0b3A,David,Perez,Male,vernon63@example.org,513.345.4785x2835,1998-07-12,Apple,Project Department,Fish farm manager
95,e28d3168c92d704,Teresa,Galvan,Male,dlittle@example.org,+1-692-540-5172x95647,1931-10-16,Acer,Designing Department,"Designer, exhibition/display"
96,6B3514d39CedA60,Michael,Townsend,Female,jessicafisher@example.net,496.231.5731x5249,2003-07-30,Gionee,Project Department,Marketing executive
97,CAfd33B893FEA62,Mark,Velez,Male,troy17@example.org,(465)879-5423x5997,1994-07-21,Amazon,Human Resource Department,Occupational psychologist
98,181743E89bC8FED,Yvette,Fields,Female,bethany61@example.org,+1-996-819-2232x7150,1931-02-06,LG,Designing Department,Retail buyer
99,535dc91C6aDdDfa,Jordan,Baird,Female,jodywaters@example.org,(814)360-3387,2011-12-15,Realme,Sales Department,Occupational psychologist
100,E4EB9C0bfBce0e9,Alison,Mccormick,Male,breanna99@example.net,881-683-5380x36456,2012-04-24,Telit,Project Department,Politician's assistant
